{"id":"TK","name":"Tokelau","month":"2018-03","access_date":"2018-04-03","data":{"chrome":{"4":null,"5":null,"6":null,"7":null,"8":null,"9":null,"10":null,"11":null,"12":null,"13":null,"14":null,"15":null,"16":null,"17":null,"18":null,"19":null,"20":null,"21":null,"22":null,"23":null,"24":null,"25":null,"26":null,"27":null,"28":null,"29":null,"30":null,"31":null,"32":null,"33":null,"34":null,"35":null,"36":null,"37":null,"38":null,"39":null,"40":null,"41":null,"42":null,"43":null,"44":null,"45":null,"46":null,"47":null,"48":null,"49":null,"50":null,"51":null,"52":null,"53":null,"54":null,"55":null,"56":null,"57":null,"58":null,"59":null,"60":null,"61":null,"62":null,"63":0.97409,"64":19.42044,"65":12.13394,"66":null,"67":null,"68":null},"firefox":{"2":null,"3":null,"3.5":null,"3.6":null,"4":null,"5":null,"6":null,"7":null,"8":null,"9":null,"10":null,"11":null,"12":null,"13":null,"14":null,"15":null,"16":null,"17":null,"18":null,"19":null,"20":null,"21":null,"22":null,"23":null,"24":null,"25":null,"26":null,"27":null,"28":null,"29":null,"30":null,"31":null,"32":null,"33":null,"34":null,"35":null,"36":null,"37":null,"38":null,"39":null,"40":null,"41":null,"42":null,"43":null,"44":null,"45":null,"46":null,"47":null,"48":null,"49":null,"50":null,"51":null,"52":null,"53":null,"54":null,"55":null,"56":null,"57":null,"58":null,"59":0.48321,"60":null,"61":null},"opera":{"9":null,"9.5-9.6":null,"10.0-10.1":0,"10.5":null,"10.6":null,"11":null,"11.1":null,"11.5":null,"11.6":null,"12":null,"12.1":null,"15":null,"16":null,"17":null,"18":null,"19":null,"20":null,"21":null,"22":null,"23":null,"24":null,"25":null,"26":null,"27":null,"28":null,"29":null,"30":null,"31":null,"32":null,"33":null,"34":null,"35":null,"36":null,"37":null,"38":null,"39":null,"40":null,"41":null,"42":null,"43":null,"44":null,"45":null,"46":null,"47":null,"48":null,"49":null,"50":null,"51":null,"52":null},"safari":{"3.1":null,"3.2":null,"4":0,"5":0.48321,"5.1":null,"6":null,"6.1":null,"7":null,"7.1":null,"8":null,"9":null,"9.1":null,"10":null,"10.1":6.79562,"11":3.39781,"11.1":null,"0":null},"ios_saf":{"3.2":0.000245520864605,"4.0-4.1":0,"4.2-4.3":0.000245520864605,"5.0-5.1":0.00441937556289,"6.0-6.1":0.00343729210447,"7.0-7.1":0.0120305223657,"8":0.00343729210447,"8.1-8.4":0.0181685439808,"9.0-9.2":0.0137491684179,"9.3":0.0984538667067,"10.0-10.2":0.0982083458421,"10.3":0.227597841489,"11.0-11.2":1.9734967097,"11.3":null},"android":{"2.1":0,"2.2":0,"2.3":0,"3":0,"4":0,"4.1":0.0342091504854,"4.2-4.3":0.104114805825,"4.4":0.293752487864,"4.4.3-4.4.4":0.180713555825,"62":null},"ie":{"5.5":null,"6":null,"7":null,"8":null,"9":null,"10":null,"11":0.97409},"op_mob":{"10":null,"11":null,"11.1":null,"11.5":null,"12":null,"12.1":null,"0":null},"edge":{"12":0.48321,"13":null,"14":null,"15":null,"16":17.47226,"17":null},"samsung":{"4":null,"5":null,"6.2":null},"bb":{"7":0,"10":0},"ie_mob":{"10":0.0934119402985,"11":0.601988059701},"and_ff":{"0":null},"and_qq":{"1.2":null},"and_uc":{"0":null},"op_mini":{"0":0},"and_chr":{"0":34.30817},"baidu":{"0":null}},"total":100.68773}